QueryNumber;DocNumber;DocVotes
00001;00139;4
00001;00151;4
00001;00166;1
00001;00311;1
00001;00370;2
00001;00392;1
00001;00439;1
00001;00440;2
00001;00441;4
00001;00454;1
00001;00461;4
00001;00502;1
00001;00503;1
00001;00505;1
00001;00520;2
00001;00522;1
00001;00526;3
00001;00527;2
00001;00533;4
00001;00593;1
00001;00619;1
00001;00737;1
00001;00742;1
00001;00789;1
00001;00827;1
00001;00835;1
00001;00861;1
00001;00875;4
00001;00891;1
00001;00921;2
00001;00922;2
00001;01175;1
00001;01185;1
00001;01222;1
00002;00169;1
00002;00434;2
00002;00454;1
00002;00498;1
00002;00499;1
00002;00592;1
00002;00875;3
00003;00023;1
00003;00040;1
00003;00139;4
00003;00190;1
00003;00221;1
00003;00246;1
00003;00309;1
00003;00311;2
00003;00325;1
00003;00345;1
00003;00347;1
00003;00356;1
00003;00370;2
00003;00374;1
00003;00375;4
00003;00439;1
00003;00440;3
00003;00454;3
00003;00515;1
00003;00520;1
00003;00524;1
00003;00526;2
00003;00527;3
00003;00533;1
00003;00535;1
00003;00560;1
00003;00561;1
00003;00571;1
00003;00584;1
00003;00604;1
00003;00623;1
00003;00633;4
00003;00733;1
00003;00742;2
00003;00854;1
00003;00856;4
00003;00950;1
00003;00967;1
00003;01144;4
00003;01161;1
00003;01172;1
00003;01175;1
00003;01196;1
00004;00503;1
00004;00538;1
00004;00539;1
00004;00540;1
00004;00553;1
00004;00604;4
00004;00669;2
00004;00711;4
00004;00876;4
00005;00023;3
00005;00047;4
00005;00050;1
00005;00060;1
00005;00114;2
00005;00132;1
00005;00135;1
00005;00139;1
00005;00151;4
00005;00169;1
00005;00189;1
00005;00190;1
00005;00197;1
00005;00200;1
00005;00226;1
00005;00256;4
00005;00265;1
00005;00297;1
00005;00298;1
00005;00299;1
00005;00311;1
00005;00312;1
00005;00325;3
00005;00333;1
00005;00343;1
00005;00347;2
00005;00349;1
00005;00369;1
00005;00370;4
00005;00371;1
00005;00374;4
00005;00386;2
00005;00392;1
00005;00410;1
00005;00420;1
00005;00427;1
00005;00428;1
00005;00430;2
00005;00434;1
00005;00437;1
00005;00439;4
00005;00440;1
00005;00441;1
00005;00450;1
00005;00461;3
00005;00465;2
00005;00478;1
00005;00496;3
00005;00497;4
00005;00498;4
00005;00499;4
00005;00500;3
00005;00501;1
00005;00502;1
00005;00503;4
00005;00505;1
00005;00511;3
00005;00513;1
00005;00516;2
00005;00520;1
00005;00524;2
00005;00531;1
00005;00533;4
00005;00549;1
00005;00553;2
00005;00559;1
00005;00561;1
00005;00568;1
00005;00590;1
00005;00592;2
00005;00593;4
00005;00604;1
00005;00605;1
00005;00633;4
00005;00669;1
00005;00701;1
00005;00702;1
00005;00710;4
00005;00711;1
00005;00722;1
00005;00724;1
00005;00729;1
00005;00731;1
00005;00733;1
00005;00750;1
00005;00761;1
00005;00763;1
00005;00772;1
00005;00779;1
00005;00788;1
00005;00805;4
00005;00843;1
00005;00845;1
00005;00856;4
00005;00857;1
00005;00861;4
00005;00864;1
00005;00867;2
00005;00875;4
00005;00876;1
00005;00888;1
00005;00889;1
00005;00895;3
00005;00925;1
00005;00935;1
00005;00943;1
00005;00944;1
00005;00975;4
00005;00980;3
00005;00982;1
00005;00990;1
00005;01000;1
00005;01019;1
00005;01038;1
00005;01040;1
00005;01064;3
00005;01076;1
00005;01080;1
00005;01088;1
00005;01091;1
00005;01092;1
00005;01093;1
00005;01098;1
00005;01144;4
00005;01156;1
00005;01175;3
00005;01185;1
00005;01188;1
00005;01196;1
00005;01223;1
00005;01226;1
00006;00025;1
00006;00031;4
00006;00090;1
00006;00195;1
00006;00326;1
00006;00370;2
00006;00438;1
00006;00440;1
00006;00441;1
00006;00503;3
00006;00511;1
00006;00586;1
00006;00592;2
00006;00593;1
00006;00722;1
00006;00731;1
00006;00734;1
00006;00805;1
00006;00875;3
00006;00922;1
00006;00963;1
00006;00975;2
00006;01092;1
00006;01093;1
00007;00045;1
00007;00053;1
00007;00166;1
00007;00171;1
00007;00256;2
00007;00370;1
00007;00371;4
00007;00386;1
00007;00410;1
00007;00439;2
00007;00535;1
00007;00623;4
00007;00633;1
00007;00634;1
00007;00640;1
00007;00669;1
00007;00831;1
00007;00853;1
00007;00856;4
00007;00857;1
00007;00921;1
00007;01027;1
00007;01054;2
00007;01056;1
00007;01057;1
00007;01059;1
00007;01064;3
00007;01161;1
00008;00023;4
00008;00169;1
00008;00322;1
00008;00370;1
00008;00386;1
00008;00435;1
00008;00439;2
00008;00463;1
00008;00496;1
00008;00497;1
00008;00498;1
00008;00499;4
00008;00503;1
00008;00605;1
00008;00683;3
00008;00710;1
00008;00750;1
00008;00771;1
00008;00867;1
00008;00875;1
00008;00944;1
00008;01125;3
00009;00165;4
00009;00174;1
00009;00362;1
00009;00370;1
00009;00414;4
00009;00443;1
00009;00794;3
00009;00992;2
00009;01040;1
00009;01115;2
00010;00030;4
00010;00126;2
00010;00157;4
00010;00170;4
00010;00296;4
00010;00301;1
00010;00322;1
00010;00370;2
00010;00413;4
00010;00443;3
00010;00581;4
00010;00676;4
00010;00715;1
00010;00722;1
00010;00728;3
00010;00758;1
00010;00782;2
00010;00835;1
00010;00878;4
00010;00941;1
00010;01115;4
00010;01215;1
00010;01218;4
00010;01234;1
00010;01239;3
00011;00036;1
00011;00046;1
00011;00096;3
00011;00186;1
00011;00301;1
00011;00428;2
00011;00518;3
00011;00649;1
00011;00652;1
00011;00659;1
00011;00772;2
00011;00796;4
00011;00798;4
00011;00799;1
00011;00835;1
00011;00837;1
00011;00908;1
00011;00909;4
00011;00991;4
00011;01119;1
00011;01178;1
00011;01226;1
00012;00070;4
00012;00181;1
00012;00443;3
00012;00466;3
00012;00755;1
00012;00918;1
00012;01115;1
00013;00156;4
00013;00301;4
00013;00314;4
00013;00322;3
00013;00370;1
00013;00443;3
00013;00462;2
00013;00522;1
00013;00643;1
00013;00695;3
00013;00715;1
00013;00719;1
00013;00722;1
00013;00763;2
00013;00764;1
00013;00791;4
00013;00822;1
00013;00900;1
00013;00902;3
00013;00978;1
00013;01017;1
00013;01033;1
00013;01097;1
00013;01124;1
00014;00005;2
00014;00089;1
00014;00092;1
00014;00131;4
00014;00135;1
00014;00150;4
00014;00156;1
00014;00203;1
00014;00232;1
00014;00233;4
00014;00234;4
00014;00291;1
00014;00297;1
00014;00314;1
00014;00319;1
00014;00344;4
00014;00345;3
00014;00356;1
00014;00367;3
00014;00370;3
00014;00379;1
00014;00405;4
00014;00413;1
00014;00417;4
00014;00419;1
00014;00421;1
00014;00424;1
00014;00462;4
00014;00465;3
00014;00492;1
00014;00584;2
00014;00602;3
00014;00616;3
00014;00635;4
00014;00662;1
00014;00695;1
00014;00719;2
00014;00777;3
00014;00791;4
00014;00809;1
00014;00815;4
00014;00852;4
00014;00889;1
00014;00899;4
00014;00930;1
00014;00941;3
00014;01000;1
00014;01008;3
00014;01013;2
00014;01100;4
00014;01117;3
00014;01124;4
00014;01135;2
00014;01206;1
00014;01234;2
00015;00017;1
00015;00059;4
00015;00063;1
00015;00072;1
00015;00091;1
00015;00095;1
00015;00097;1
00015;00098;1
00015;00099;4
00015;00135;1
00015;00149;3
00015;00174;3
00015;00197;2
00015;00204;4
00015;00205;4
00015;00226;1
00015;00232;1
00015;00238;1
00015;00266;4
00015;00297;1
00015;00301;4
00015;00322;4
00015;00339;4
00015;00350;1
00015;00354;1
00015;00355;4
00015;00364;4
00015;00370;4
00015;00385;4
00015;00398;2
00015;00408;1
00015;00410;3
00015;00413;1
00015;00414;1
00015;00420;1
00015;00422;4
00015;00423;4
00015;00424;1
00015;00426;1
00015;00434;1
00015;00443;4
00015;00474;3
00015;00545;4
00015;00549;4
00015;00550;1
00015;00601;4
00015;00603;2
00015;00611;1
00015;00642;2
00015;00643;1
00015;00657;1
00015;00673;1
00015;00690;4
00015;00700;4
00015;00720;4
00015;00722;4
00015;00724;1
00015;00725;2
00015;00729;1
00015;00731;1
00015;00735;1
00015;00747;2
00015;00752;4
00015;00763;3
00015;00764;2
00015;00767;1
00015;00792;1
00015;00794;1
00015;00816;1
00015;00822;1
00015;00833;1
00015;00837;1
00015;00844;1
00015;00853;1
00015;00854;3
00015;00857;1
00015;00863;2
00015;00870;4
00015;00875;1
00015;00888;1
00015;00889;1
00015;00900;2
00015;00944;2
00015;00990;1
00015;00993;1
00015;00994;4
00015;01000;2
00015;01013;2
00015;01016;2
00015;01027;1
00015;01033;1
00015;01040;1
00015;01093;1
00015;01098;1
00015;01115;1
00015;01162;2
00015;01184;4
00015;01187;1
00015;01192;4
00015;01195;1
00015;01226;1
00015;01232;1
00015;01234;1
00015;01235;3
00016;00005;1
00016;00010;1
00016;00017;1
00016;00036;1
00016;00041;2
00016;00046;4
00016;00069;1
00016;00072;1
00016;00089;4
00016;00092;1
00016;00095;4
00016;00097;1
00016;00098;1
00016;00126;1
00016;00129;3
00016;00130;1
00016;00132;1
00016;00134;1
00016;00135;2
00016;00148;1
00016;00150;1
00016;00168;1
00016;00181;3
00016;00182;4
00016;00186;4
00016;00189;1
00016;00197;1
00016;00202;1
00016;00205;1
00016;00212;1
00016;00225;1
00016;00226;1
00016;00238;2
00016;00240;3
00016;00255;1
00016;00288;1
00016;00290;1
00016;00292;1
00016;00297;1
00016;00298;2
00016;00301;4
00016;00314;3
00016;00320;1
00016;00322;4
00016;00330;1
00016;00331;1
00016;00333;2
00016;00350;2
00016;00357;1
00016;00359;2
00016;00364;4
00016;00370;4
00016;00376;3
00016;00386;1
00016;00396;4
00016;00398;2
00016;00413;1
00016;00421;1
00016;00424;3
00016;00428;2
00016;00434;1
00016;00443;4
00016;00462;1
00016;00466;4
00016;00468;4
00016;00472;1
00016;00473;1
00016;00475;4
00016;00478;2
00016;00489;1
00016;00490;1
00016;00510;1
00016;00512;1
00016;00518;3
00016;00522;3
00016;00550;2
00016;00553;1
00016;00559;1
00016;00581;1
00016;00582;2
00016;00586;1
00016;00594;3
00016;00615;1
00016;00616;1
00016;00641;3
00016;00642;3
00016;00643;2
00016;00649;4
00016;00656;1
00016;00657;2
00016;00658;2
00016;00659;4
00016;00660;2
00016;00662;2
00016;00673;1
00016;00676;1
00016;00708;1
00016;00709;1
00016;00711;1
00016;00715;1
00016;00719;2
00016;00722;4
00016;00723;1
00016;00724;1
00016;00725;1
00016;00727;4
00016;00729;1
00016;00730;1
00016;00731;1
00016;00735;1
00016;00755;3
00016;00756;4
00016;00758;1
00016;00762;1
00016;00763;3
00016;00764;1
00016;00767;1
00016;00770;2
00016;00772;4
00016;00783;1
00016;00791;2
00016;00797;1
00016;00799;4
00016;00809;1
00016;00810;1
00016;00816;2
00016;00822;1
00016;00834;4
00016;00835;1
00016;00837;1
00016;00844;1
00016;00867;1
00016;00870;1
00016;00872;3
00016;00875;1
00016;00882;1
00016;00888;1
00016;00889;1
00016;00893;1
00016;00896;1
00016;00901;3
00016;00902;2
00016;00919;1
00016;00928;1
00016;00932;1
00016;00935;4
00016;00937;2
00016;00938;1
00016;00941;1
00016;00943;2
00016;00944;2
00016;00970;1
00016;00974;1
00016;00984;2
00016;00990;1
00016;00991;1
00016;00993;4
00016;00994;1
00016;01000;2
00016;01002;2
00016;01016;3
00016;01017;4
00016;01023;1
00016;01033;1
00016;01037;1
00016;01051;1
00016;01066;1
00016;01076;1
00016;01080;1
00016;01098;1
00016;01101;1
00016;01115;1
00016;01135;1
00016;01154;3
00016;01158;1
00016;01189;1
00016;01192;4
00016;01226;3
00016;01232;1
00016;01234;2
00017;00049;4
00017;00089;3
00017;00101;1
00017;00128;1
00017;00132;1
00017;00135;1
00017;00153;1
00017;00189;1
00017;00233;1
00017;00238;1
00017;00297;1
00017;00298;1
00017;00301;1
00017;00330;1
00017;00333;1
00017;00357;4
00017;00359;3
00017;00370;3
00017;00428;2
00017;00443;2
00017;00450;1
00017;00506;1
00017;00643;2
00017;00660;1
00017;00662;3
00017;00688;4
00017;00722;1
00017;00729;1
00017;00730;2
00017;00731;1
00017;00735;1
00017;00791;4
00017;00810;4
00017;00816;2
00017;00837;1
00017;00839;1
00017;00845;1
00017;00882;1
00017;00889;1
00017;00897;1
00017;00937;1
00017;00938;1
00017;00941;2
00017;00944;2
00017;01000;1
00017;01023;1
00017;01040;1
00017;01069;1
00017;01080;1
00017;01088;1
00017;01101;4
00017;01103;3
00017;01115;1
00017;01187;1
00017;01234;1
00018;00129;4
00018;00153;1
00018;00205;3
00018;00226;1
00018;00364;1
00018;00370;2
00018;00414;1
00018;00424;3
00018;00443;1
00018;00642;1
00018;00656;2
00018;00657;2
00018;00658;2
00018;00660;2
00018;00725;3
00018;00816;1
00018;00935;2
00018;00993;3
00018;00994;1
00018;01016;3
00018;01162;2
00019;00021;3
00019;00049;1
00019;00359;3
00019;00370;2
00019;00398;1
00019;00432;4
00019;00455;1
00019;00487;4
00019;00506;4
00019;00618;4
00019;00626;4
00019;00672;4
00019;00688;4
00019;00693;4
00019;00897;4
00019;00936;1
00019;00944;1
00019;01000;1
00019;01049;4
00019;01103;4
00019;01129;1
00019;01205;1
00020;00126;4
00020;00133;1
00020;00153;1
00020;00181;1
00020;00207;4
00020;00208;4
00020;00220;4
00020;00278;4
00020;00283;2
00020;00286;4
00020;00287;4
00020;00288;2
00020;00290;4
00020;00292;4
00020;00370;2
00020;00443;1
00020;00538;4
00020;00539;4
00020;00540;4
00020;00544;4
00020;00604;1
00020;00643;1
00020;00711;3
00020;00715;3
00020;00731;1
00020;00758;4
00020;00767;1
00020;00791;1
00020;00823;4
00020;00824;2
00020;00882;1
00020;00919;1
00020;00924;4
00020;00928;1
00020;00944;1
00020;00962;4
00020;00970;2
00020;01066;4
00020;01080;1
00020;01115;4
00020;01168;4
00020;01189;1
00020;01213;4
00020;01215;4
00020;01234;2
00020;01239;3
00021;00068;4
00021;00097;1
00021;00098;2
00021;00181;1
00021;00251;4
00021;00413;1
00021;00416;1
00021;00434;1
00021;00443;1
00021;00551;1
00021;00615;1
00021;00676;1
00021;00708;4
00021;00709;4
00021;00719;2
00021;00722;1
00021;00751;1
00021;00756;1
00021;00757;1
00021;00932;1
00021;00941;3
00021;01098;1
00021;01115;4
00021;01158;4
00021;01189;1
00022;00013;4
00022;00039;2
00022;00067;1
00022;00069;1
00022;00104;1
00022;00130;4
00022;00189;1
00022;00197;1
00022;00221;1
00022;00226;1
00022;00237;2
00022;00247;1
00022;00258;4
00022;00262;4
00022;00276;4
00022;00322;1
00022;00325;1
00022;00333;1
00022;00342;2
00022;00343;2
00022;00350;1
00022;00365;1
00022;00370;3
00022;00392;1
00022;00431;4
00022;00464;1
00022;00465;1
00022;00473;4
00022;00478;4
00022;00503;3
00022;00510;2
00022;00512;2
00022;00514;2
00022;00586;1
00022;00590;2
00022;00654;2
00022;00671;3
00022;00682;1
00022;00692;4
00022;00704;4
00022;00713;1
00022;00729;1
00022;00731;1
00022;00735;1
00022;00764;4
00022;00774;2
00022;00788;3
00022;00843;2
00022;00845;1
00022;00871;2
00022;00880;3
00022;00881;2
00022;00882;1
00022;00888;1
00022;00898;4
00022;00908;4
00022;00942;1
00022;00946;1
00022;00968;1
00022;01000;1
00022;01033;1
00022;01040;1
00022;01083;4
00022;01093;1
00022;01114;2
00022;01144;1
00022;01156;4
00022;01166;2
00022;01194;4
00022;01195;1
00023;00009;4
00023;00010;4
00023;00011;2
00023;00012;4
00023;00034;4
00023;00042;4
00023;00099;4
00023;00162;1
00023;00163;1
00023;00167;1
00023;00198;1
00023;00248;1
00023;00285;1
00023;00322;2
00023;00350;2
00023;00370;2
00023;00426;4
00023;00434;4
00023;00464;1
00023;00509;4
00023;00541;4
00023;00582;1
00023;00583;1
00023;00598;1
00023;00716;2
00023;00780;1
00023;00859;3
00023;00883;1
00023;00888;2
00023;00979;4
00023;00984;1
00023;01096;2
00023;01114;4
00023;01156;1
00023;01163;1
00024;00032;2
00024;00072;1
00024;00199;1
00024;00207;1
00024;00210;3
00024;00240;1
00024;00254;4
00024;00331;1
00024;00370;1
00024;00377;1
00024;00411;1
00024;00477;1
00024;00492;1
00024;00522;1
00024;00552;1
00024;00559;1
00024;00611;2
00024;00647;4
00024;00677;1
00024;00724;1
00024;00763;1
00024;00858;1
00024;00913;4
00024;00915;4
00024;00926;4
00024;00934;1
00024;01000;1
00024;01031;3
00024;01109;4
00024;01195;4
00024;01232;1
00025;00072;4
00025;00074;3
00025;00083;3
00025;00084;2
00025;00106;3
00025;00112;1
00025;00120;2
00025;00141;1
00025;00162;2
00025;00172;1
00025;00198;3
00025;00221;1
00025;00276;1
00025;00370;2
00025;00390;1
00025;00392;1
00025;00411;4
00025;00415;1
00025;00425;1
00025;00431;4
00025;00432;1
00025;00464;1
00025;00465;3
00025;00503;4
00025;00505;1
00025;00530;1
00025;00550;1
00025;00559;1
00025;00566;1
00025;00568;1
00025;00569;3
00025;00622;1
00025;00647;4
00025;00855;1
00025;00858;4
00025;00875;1
00025;00880;1
00025;00881;2
00025;00891;1
00025;00913;4
00025;00915;1
00025;00926;4
00025;00949;1
00025;00977;1
00025;01027;1
00025;01031;1
00025;01083;1
00025;01156;2
00025;01194;4
00025;01195;4
00025;01210;1
00026;00074;2
00026;00104;4
00026;00199;4
00026;00221;1
00026;00281;4
00026;00285;4
00026;00328;4
00026;00333;1
00026;00342;3
00026;00343;2
00026;00370;1
00026;00392;1
00026;00431;4
00026;00434;1
00026;00442;1
00026;00465;1
00026;00485;1
00026;00488;1
00026;00490;1
00026;00610;4
00026;00617;4
00026;00665;4
00026;00713;1
00026;00774;2
00026;00807;4
00026;00855;1
00026;00881;2
00026;00942;3
00026;01061;4
00026;01144;4
00026;01166;4
00026;01194;4
00026;01195;1
00027;00098;3
00027;00179;1
00027;00599;4
00027;00756;1
00027;00858;1
00027;00905;4
00027;00912;1
00027;00913;2
00027;01000;1
00027;01083;1
00027;01096;1
00028;00134;1
00028;00135;2
00028;00136;1
00028;00215;4
00028;00274;1
00028;00300;1
00028;00322;1
00028;00331;1
00028;00333;1
00028;00343;1
00028;00351;4
00028;00352;4
00028;00370;4
00028;00392;1
00028;00398;1
00028;00465;1
00028;00467;1
00028;00477;4
00028;00510;1
00028;00550;1
00028;00559;1
00028;00586;1
00028;00611;1
00028;00665;1
00028;00722;3
00028;00724;2
00028;00729;1
00028;00735;1
00028;00759;4
00028;00763;2
00028;00822;4
00028;00832;1
00028;00837;1
00028;00875;1
00028;00882;1
00028;00913;1
00028;00937;1
00028;00942;2
00028;00944;1
00028;00969;1
00028;00990;1
00028;01000;3
00028;01033;2
00028;01040;2
00028;01083;4
00028;01093;2
00028;01187;1
00028;01192;2
00028;01222;1
00028;01226;1
00028;01234;2
00029;00015;3
00029;00100;1
00029;00215;4
00029;00274;4
00029;00300;4
00029;00322;4
00029;00333;2
00029;00343;1
00029;00350;2
00029;00351;4
00029;00352;4
00029;00353;3
00029;00370;4
00029;00385;1
00029;00392;1
00029;00434;1
00029;00442;1
00029;00477;3
00029;00510;1
00029;00553;1
00029;00687;1
00029;00714;2
00029;00722;3
00029;00724;2
00029;00729;1
00029;00759;4
00029;00763;3
00029;00764;1
00029;00788;1
00029;00822;2
00029;00832;4
00029;00837;1
00029;00875;1
00029;00937;1
00029;00942;2
00029;00944;3
00029;01000;1
00029;01033;1
00029;01040;2
00029;01083;1
00029;01093;1
00029;01184;1
00029;01192;4
00029;01234;2
00030;00117;1
00030;00328;2
00030;00332;1
00030;00433;4
00030;00492;1
00030;00557;1
00030;00586;4
00030;00687;1
00030;00775;1
00030;00880;4
00030;00881;1
00030;00911;4
00030;00942;2
00030;01001;2
00030;01084;1
00030;01224;4
00030;01234;1
00031;00043;4
00031;00069;1
00031;00127;4
00031;00128;1
00031;00136;3
00031;00145;1
00031;00168;2
00031;00189;4
00031;00213;1
00031;00226;4
00031;00239;4
00031;00272;1
00031;00330;4
00031;00331;2
00031;00332;4
00031;00359;1
00031;00370;4
00031;00389;1
00031;00433;4
00031;00448;4
00031;00467;4
00031;00512;1
00031;00550;1
00031;00551;2
00031;00557;4
00031;00586;4
00031;00620;2
00031;00628;3
00031;00651;4
00031;00701;2
00031;00722;2
00031;00724;1
00031;00729;2
00031;00735;1
00031;00760;4
00031;00762;1
00031;00764;1
00031;00839;4
00031;00845;4
00031;00882;4
00031;00937;2
00031;00938;4
00031;00940;2
00031;00942;3
00031;00944;1
00031;00999;4
00031;01000;2
00031;01020;4
00031;01022;4
00031;01036;4
00031;01040;3
00031;01084;4
00031;01093;1
00031;01187;2
00031;01224;3
00031;01232;1
00031;01233;4
00031;01234;2
00032;00043;1
00032;00127;1
00032;00128;1
00032;00181;1
00032;00184;4
00032;00189;1
00032;00212;2
00032;00226;1
00032;00239;2
00032;00315;1
00032;00330;1
00032;00331;1
00032;00370;1
00032;00389;4
00032;00433;4
00032;00467;1
00032;00473;1
00032;00489;1
00032;00506;1
00032;00586;3
00032;00722;4
00032;00735;1
00032;00764;1
00032;00882;1
00032;00937;1
00032;00999;1
00032;01040;2
00032;01093;1
00032;01220;1
00032;01234;2
00033;00037;2
00033;00065;1
00033;00091;4
00033;00094;3
00033;00096;1
00033;00210;3
00033;00225;2
00033;00297;1
00033;00359;3
00033;00370;4
00033;00403;4
00033;00404;1
00033;00413;1
00033;00465;4
00033;00515;1
00033;00612;4
00033;00637;3
00033;00638;3
00033;00663;1
00033;00719;1
00033;00721;4
00033;00731;1
00033;00763;2
00033;00764;1
00033;00773;1
00033;00793;1
00033;00795;1
00033;00797;3
00033;00811;4
00033;00818;3
00033;00822;1
00033;00825;4
00033;00846;1
00033;00882;1
00033;00888;2
00033;00889;1
00033;00916;4
00033;00920;4
00033;00927;4
00033;00978;3
00033;00981;1
00033;00995;4
00033;00996;4
00033;01000;1
00033;01023;1
00033;01052;4
00033;01072;1
00033;01098;1
00033;01105;4
00033;01113;4
00033;01122;4
00033;01123;3
00033;01183;4
00033;01186;4
00033;01189;2
00033;01215;1
00033;01234;4
00034;00037;4
00034;00065;4
00034;00076;2
00034;00077;1
00034;00094;1
00034;00135;1
00034;00225;1
00034;00235;1
00034;00236;1
00034;00247;1
00034;00261;4
00034;00277;1
00034;00297;1
00034;00359;1
00034;00403;4
00034;00404;4
00034;00465;4
00034;00471;4
00034;00552;1
00034;00627;1
00034;00637;4
00034;00638;4
00034;00721;4
00034;00773;4
00034;00795;4
00034;00817;4
00034;00818;1
00034;00825;1
00034;00846;4
00034;00916;4
00034;00933;1
00034;00941;1
00034;00944;1
00034;00995;4
00034;01000;1
00034;01023;1
00034;01052;2
00034;01186;1
00034;01234;1
00035;00032;1
00035;00120;1
00035;00210;4
00035;00811;3
00035;00825;1
00035;00888;1
00035;00913;3
00035;00915;3
00035;00920;1
00035;00926;1
00035;00948;1
00035;01105;1
00035;01109;4
00035;01119;1
00036;00066;1
00036;00325;1
00036;00370;1
00036;00403;2
00036;00612;3
00036;00721;1
00036;00722;3
00036;00724;1
00036;01052;3
00037;00003;4
00037;00004;1
00037;00028;3
00037;00033;4
00037;00035;4
00037;00038;4
00037;00065;2
00037;00071;4
00037;00076;2
00037;00116;1
00037;00119;1
00037;00120;4
00037;00131;4
00037;00148;1
00037;00150;1
00037;00158;4
00037;00175;4
00037;00203;4
00037;00220;1
00037;00225;4
00037;00231;2
00037;00233;1
00037;00234;4
00037;00238;2
00037;00247;4
00037;00280;4
00037;00291;1
00037;00294;1
00037;00318;4
00037;00319;4
00037;00333;3
00037;00334;2
00037;00342;1
00037;00345;1
00037;00370;2
00037;00378;4
00037;00379;4
00037;00380;4
00037;00392;1
00037;00403;1
00037;00428;2
00037;00433;1
00037;00443;1
00037;00465;4
00037;00470;4
00037;00476;4
00037;00482;4
00037;00483;4
00037;00491;4
00037;00492;4
00037;00510;1
00037;00512;1
00037;00514;1
00037;00596;1
00037;00600;4
00037;00627;4
00037;00671;1
00037;00697;4
00037;00711;1
00037;00712;4
00037;00717;4
00037;00721;1
00037;00731;1
00037;00774;3
00037;00776;1
00037;00815;4
00037;00817;4
00037;00818;1
00037;00831;4
00037;00835;4
00037;00849;4
00037;00866;3
00037;00871;2
00037;00877;4
00037;00888;1
00037;00930;4
00037;00933;4
00037;00941;1
00037;00942;4
00037;00944;1
00037;00946;4
00037;00991;4
00037;01008;4
00037;01011;3
00037;01014;4
00037;01028;4
00037;01080;1
00037;01126;4
00037;01128;4
00037;01130;1
00037;01131;4
00037;01133;4
00037;01135;3
00037;01174;4
00037;01176;4
00037;01178;4
00037;01182;4
00037;01234;4
00038;00014;4
00038;00076;1
00038;00117;2
00038;00142;1
00038;00252;1
00038;00360;4
00038;00370;1
00038;00390;4
00038;00392;1
00038;00444;1
00038;00465;4
00038;00503;1
00038;00505;1
00038;00510;1
00038;00572;1
00038;00573;1
00038;00621;1
00038;00622;1
00038;00627;1
00038;00634;4
00038;00644;4
00038;00646;2
00038;00666;2
00038;00702;1
00038;00729;1
00038;00776;1
00038;00786;1
00038;00856;1
00038;00862;1
00038;00866;1
00038;00873;2
00038;00881;1
00038;00882;1
00038;00888;1
00038;00971;4
00038;00990;1
00038;01001;1
00038;01024;2
00038;01027;1
00038;01029;1
00038;01059;1
00038;01066;1
00038;01068;4
00038;01072;1
00038;01075;1
00038;01130;4
00038;01136;4
00038;01140;4
00038;01146;2
00038;01148;2
00038;01160;2
00038;01230;1
00038;01234;3
00039;00003;1
00039;00067;1
00039;00074;1
00039;00076;1
00039;00083;4
00039;00084;1
00039;00085;4
00039;00102;1
00039;00107;1
00039;00108;1
00039;00112;2
00039;00135;1
00039;00143;1
00039;00216;4
00039;00217;4
00039;00218;4
00039;00219;4
00039;00221;4
00039;00222;4
00039;00225;4
00039;00226;1
00039;00230;2
00039;00233;1
00039;00235;4
00039;00236;4
00039;00244;1
00039;00248;1
00039;00249;4
00039;00252;3
00039;00254;2
00039;00263;3
00039;00276;1
00039;00277;4
00039;00289;4
00039;00293;4
00039;00297;1
00039;00301;1
00039;00304;4
00039;00306;1
00039;00307;2
00039;00308;1
00039;00338;4
00039;00342;1
00039;00343;1
00039;00356;3
00039;00360;1
00039;00365;1
00039;00366;1
00039;00370;1
00039;00392;1
00039;00404;1
00039;00407;4
00039;00412;3
00039;00420;4
00039;00433;2
00039;00453;1
00039;00465;1
00039;00470;4
00039;00488;2
00039;00490;1
00039;00494;1
00039;00503;1
00039;00505;2
00039;00508;2
00039;00510;2
00039;00529;2
00039;00530;1
00039;00532;1
00039;00534;2
00039;00535;1
00039;00553;3
00039;00560;4
00039;00563;1
00039;00564;2
00039;00565;1
00039;00566;1
00039;00567;2
00039;00568;1
00039;00569;1
00039;00570;2
00039;00571;2
00039;00572;1
00039;00573;3
00039;00576;1
00039;00584;4
00039;00586;1
00039;00608;2
00039;00610;1
00039;00619;4
00039;00621;1
00039;00622;1
00039;00627;1
00039;00639;4
00039;00645;4
00039;00646;2
00039;00647;1
00039;00652;1
00039;00654;4
00039;00702;1
00039;00716;3
00039;00729;1
00039;00738;1
00039;00739;1
00039;00740;1
00039;00744;1
00039;00746;1
00039;00749;1
00039;00776;1
00039;00777;2
00039;00786;2
00039;00845;1
00039;00849;1
00039;00851;4
00039;00862;1
00039;00869;2
00039;00873;4
00039;00881;2
00039;00882;1
00039;00888;1
00039;00889;1
00039;00892;1
00039;00902;1
00039;00918;1
00039;00942;1
00039;00944;1
00039;00949;2
00039;00966;2
00039;00971;4
00039;00990;1
00039;01001;2
00039;01026;1
00039;01027;2
00039;01029;2
00039;01044;1
00039;01066;1
00039;01070;1
00039;01072;1
00039;01076;1
00039;01096;1
00039;01127;3
00039;01135;1
00039;01136;1
00039;01137;4
00039;01139;4
00039;01140;1
00039;01141;4
00039;01146;2
00039;01148;2
00039;01160;1
00039;01161;1
00039;01185;1
00039;01194;1
00039;01209;1
00039;01210;1
00039;01211;2
00039;01222;1
00039;01224;1
00039;01225;4
00039;01230;2
00039;01234;4
00039;01236;1
00039;01238;1
00040;00002;1
00040;00003;4
00040;00004;4
00040;00005;1
00040;00009;1
00040;00010;1
00040;00017;1
00040;00028;4
00040;00032;1
00040;00035;1
00040;00076;1
00040;00077;4
00040;00095;3
00040;00103;1
00040;00105;1
00040;00108;1
00040;00109;2
00040;00112;1
00040;00115;1
00040;00116;4
00040;00119;2
00040;00120;1
00040;00132;1
00040;00142;1
00040;00144;1
00040;00150;2
00040;00151;1
00040;00169;1
00040;00173;1
00040;00189;1
00040;00198;1
00040;00210;1
00040;00225;4
00040;00231;4
00040;00233;4
00040;00235;1
00040;00236;1
00040;00240;3
00040;00248;1
00040;00249;1
00040;00252;2
00040;00254;4
00040;00261;1
00040;00263;1
00040;00277;4
00040;00279;1
00040;00289;1
00040;00291;1
00040;00293;2
00040;00294;3
00040;00297;1
00040;00298;1
00040;00304;1
00040;00308;1
00040;00333;1
00040;00338;1
00040;00344;2
00040;00345;1
00040;00351;1
00040;00352;1
00040;00370;2
00040;00392;1
00040;00404;4
00040;00405;4
00040;00407;1
00040;00413;1
00040;00417;2
00040;00420;2
00040;00434;1
00040;00465;4
00040;00478;1
00040;00479;4
00040;00508;1
00040;00510;1
00040;00515;1
00040;00526;1
00040;00529;1
00040;00532;1
00040;00535;1
00040;00553;1
00040;00560;2
00040;00571;1
00040;00572;1
00040;00573;2
00040;00576;1
00040;00583;1
00040;00613;1
00040;00616;1
00040;00619;1
00040;00645;1
00040;00646;1
00040;00654;1
00040;00673;1
00040;00677;1
00040;00731;1
00040;00735;1
00040;00763;1
00040;00780;1
00040;00785;4
00040;00786;4
00040;00815;4
00040;00849;1
00040;00851;1
00040;00852;1
00040;00869;1
00040;00882;1
00040;00888;1
00040;00899;3
00040;00931;1
00040;00941;4
00040;00942;1
00040;00949;1
00040;00954;2
00040;00956;1
00040;00959;1
00040;01000;1
00040;01008;4
00040;01024;1
00040;01027;1
00040;01029;1
00040;01052;2
00040;01080;2
00040;01100;4
00040;01105;1
00040;01109;1
00040;01117;4
00040;01124;3
00040;01126;1
00040;01127;2
00040;01128;1
00040;01130;1
00040;01131;1
00040;01132;1
00040;01133;2
00040;01135;4
00040;01137;4
00040;01139;3
00040;01141;3
00040;01146;1
00040;01148;1
00040;01160;2
00040;01161;1
00040;01192;1
00040;01193;4
00040;01230;3
00040;01234;4
00041;00046;1
00041;00296;1
00041;00301;1
00041;00322;1
00041;00370;1
00041;00392;1
00041;00603;4
00041;00941;1
00041;00998;2
00041;01106;4
00041;01107;4
00041;01108;4
00041;01115;4
00041;01184;1
00041;01190;4
00042;00005;1
00042;00046;1
00042;00057;4
00042;00092;4
00042;00135;1
00042;00209;4
00042;00245;3
00042;00297;1
00042;00301;4
00042;00314;1
00042;00317;4
00042;00322;1
00042;00337;4
00042;00339;1
00042;00370;2
00042;00416;4
00042;00434;1
00042;00443;3
00042;00489;1
00042;00505;4
00042;00509;1
00042;00550;1
00042;00585;4
00042;00586;1
00042;00601;1
00042;00695;4
00042;00719;1
00042;00722;1
00042;00724;1
00042;00731;1
00042;00763;1
00042;00764;1
00042;00770;1
00042;00822;1
00042;00837;1
00042;00888;1
00042;00931;3
00042;00944;1
00042;01000;1
00042;01033;1
00042;01040;1
00042;01085;3
00042;01093;1
00042;01187;1
00042;01192;1
00042;01232;1
00042;01234;2
00043;00003;1
00043;00004;1
00043;00028;1
00043;00054;4
00043;00065;1
00043;00066;4
00043;00091;1
00043;00094;1
00043;00119;2
00043;00124;4
00043;00125;4
00043;00135;1
00043;00137;1
00043;00140;4
00043;00147;1
00043;00172;4
00043;00173;3
00043;00199;1
00043;00221;1
00043;00261;2
00043;00294;1
00043;00301;1
00043;00302;2
00043;00303;3
00043;00307;1
00043;00308;1
00043;00311;1
00043;00324;1
00043;00334;1
00043;00361;1
00043;00370;4
00043;00386;1
00043;00392;2
00043;00404;1
00043;00418;4
00043;00430;1
00043;00440;4
00043;00441;4
00043;00461;3
00043;00471;1
00043;00484;2
00043;00490;1
00043;00493;1
00043;00504;4
00043;00505;1
00043;00522;2
00043;00526;2
00043;00527;1
00043;00560;1
00043;00562;1
00043;00563;1
00043;00568;4
00043;00570;1
00043;00571;1
00043;00575;1
00043;00636;1
00043;00655;1
00043;00693;1
00043;00694;1
00043;00707;1
00043;00714;2
00043;00733;1
00043;00737;1
00043;00741;1
00043;00758;1
00043;00793;1
00043;00795;1
00043;00817;1
00043;00818;1
00043;00864;1
00043;00889;1
00043;00891;2
00043;00913;1
00043;00916;1
00043;00918;3
00043;00921;3
00043;00944;1
00043;00958;2
00043;00960;4
00043;00966;2
00043;00967;2
00043;00975;1
00043;00982;1
00043;00997;1
00043;01000;1
00043;01080;1
00043;01093;1
00043;01094;1
00043;01121;1
00043;01156;1
00043;01167;2
00043;01172;2
00043;01184;1
00043;01185;1
00043;01199;2
00043;01200;4
00043;01209;1
00043;01216;1
00044;00044;4
00044;00045;1
00044;00053;4
00044;00067;4
00044;00072;4
00044;00074;4
00044;00083;2
00044;00084;4
00044;00106;2
00044;00108;1
00044;00118;1
00044;00121;1
00044;00122;2
00044;00124;4
00044;00125;1
00044;00135;1
00044;00138;1
00044;00142;1
00044;00143;4
00044;00154;4
00044;00166;1
00044;00171;4
00044;00172;1
00044;00190;4
00044;00235;3
00044;00236;4
00044;00242;3
00044;00243;3
00044;00244;3
00044;00257;2
00044;00264;3
00044;00269;4
00044;00276;1
00044;00297;1
00044;00310;1
00044;00312;4
00044;00325;4
00044;00336;4
00044;00360;2
00044;00370;1
00044;00371;1
00044;00381;1
00044;00386;4
00044;00390;4
00044;00392;1
00044;00399;4
00044;00409;1
00044;00411;4
00044;00415;3
00044;00430;2
00044;00435;1
00044;00436;3
00044;00453;4
00044;00465;1
00044;00493;2
00044;00495;4
00044;00503;1
00044;00504;4
00044;00523;2
00044;00528;4
00044;00538;1
00044;00548;4
00044;00561;4
00044;00563;1
00044;00566;4
00044;00567;4
00044;00568;4
00044;00569;3
00044;00570;3
00044;00572;3
00044;00574;4
00044;00575;4
00044;00576;1
00044;00590;1
00044;00608;1
00044;00621;4
00044;00622;4
00044;00623;4
00044;00624;4
00044;00625;4
00044;00634;4
00044;00636;4
00044;00645;2
00044;00647;4
00044;00655;4
00044;00666;4
00044;00691;4
00044;00702;4
00044;00737;4
00044;00743;4
00044;00747;1
00044;00750;4
00044;00765;4
00044;00766;4
00044;00767;1
00044;00786;4
00044;00840;4
00044;00841;3
00044;00847;4
00044;00850;4
00044;00856;1
00044;00858;4
00044;00862;1
00044;00873;4
00044;00875;1
00044;00951;4
00044;00953;4
00044;00961;1
00044;00967;4
00044;00971;4
00044;00973;4
00044;01024;4
00044;01029;4
00044;01030;4
00044;01053;4
00044;01054;1
00044;01055;4
00044;01057;3
00044;01059;4
00044;01070;1
00044;01072;4
00044;01130;1
00044;01136;1
00044;01139;1
00044;01142;2
00044;01144;1
00044;01146;3
00044;01148;4
00044;01156;4
00044;01157;1
00044;01160;4
00044;01185;4
00044;01196;1
00044;01201;4
00044;01202;4
00044;01210;1
00044;01212;1
00044;01222;4
00044;01230;4
00044;01231;3
00045;00278;1
00045;00283;1
00045;00286;1
00045;00287;2
00045;00288;1
00045;00289;3
00045;00290;3
00045;00292;3
00045;00293;3
00045;00338;4
00045;00538;3
00045;00540;1
00045;00715;1
00045;00758;2
00045;00803;4
00045;00919;4
00045;00924;4
00045;01050;1
00045;01159;4
00045;01168;1
00046;00051;4
00046;00053;4
00046;00370;1
00046;00410;2
00046;00430;1
00046;00500;1
00046;00503;4
00046;00516;4
00046;00553;2
00046;00568;1
00046;00623;1
00046;00702;4
00046;00737;4
00046;00854;4
00046;00856;4
00046;00857;1
00046;01196;1
00046;01212;4
00047;00015;1
00047;00057;1
00047;00092;3
00047;00118;1
00047;00121;1
00047;00125;1
00047;00163;4
00047;00165;1
00047;00172;2
00047;00183;1
00047;00208;1
00047;00209;3
00047;00245;1
00047;00259;1
00047;00278;1
00047;00279;1
00047;00283;1
00047;00286;1
00047;00287;1
00047;00295;4
00047;00296;1
00047;00301;3
00047;00302;1
00047;00317;3
00047;00337;1
00047;00361;1
00047;00370;1
00047;00406;4
00047;00416;1
00047;00436;1
00047;00505;4
00047;00508;3
00047;00525;1
00047;00585;3
00047;00613;3
00047;00684;4
00047;00694;4
00047;00695;3
00047;00707;2
00047;00781;1
00047;00862;1
00047;00868;1
00047;00906;4
00047;00928;1
00047;00931;1
00047;00971;1
00047;00998;2
00047;01000;2
00047;01013;1
00047;01058;3
00047;01075;1
00047;01106;1
00047;01107;1
00047;01108;1
00047;01129;1
00047;01132;1
00047;01165;4
00047;01192;1
00047;01194;1
00047;01206;1
00048;00044;2
00048;00072;1
00048;00074;1
00048;00124;3
00048;00143;1
00048;00154;4
00048;00190;1
00048;00257;2
00048;00312;1
00048;00336;4
00048;00386;1
00048;00422;1
00048;00436;4
00048;00453;4
00048;00493;2
00048;00495;3
00048;00523;3
00048;00548;3
00048;00566;1
00048;00568;4
00048;00576;4
00048;00691;1
00048;00765;1
00048;00766;1
00048;00786;1
00048;00850;4
00048;00967;2
00048;01142;3
00048;01201;1
00048;01231;4
00049;00072;1
00049;00084;1
00049;00138;4
00049;00143;4
00049;00230;3
00049;00313;4
00049;00370;1
00049;00392;2
00049;00393;3
00049;00430;1
00049;00436;4
00049;00440;1
00049;00465;1
00049;00493;4
00049;00503;1
00049;00504;4
00049;00505;1
00049;00523;3
00049;00530;1
00049;00553;1
00049;00562;3
00049;00563;3
00049;00566;1
00049;00568;4
00049;00570;2
00049;00586;1
00049;00608;1
00049;00624;4
00049;00625;4
00049;00691;3
00049;00726;1
00049;00743;3
00049;00749;2
00049;00953;4
00049;00972;4
00049;01198;4
00050;00044;1
00050;00259;4
00050;00309;1
00050;00347;1
00050;00435;4
00050;00440;2
00050;00495;4
00050;00505;1
00050;00543;1
00050;00548;4
00050;00568;2
00050;00570;1
00050;00575;1
00050;00601;1
00050;00634;1
00050;00829;1
00050;00848;4
00050;00953;4
00050;00961;4
00050;00973;3
00050;01058;1
00050;01156;4
00050;01157;4
00050;01159;4
00050;01160;1
00051;00001;1
00051;00011;1
00051;00014;1
00051;00018;3
00051;00019;3
00051;00026;4
00051;00044;3
00051;00051;1
00051;00055;1
00051;00062;1
00051;00063;1
00051;00066;1
00051;00067;4
00051;00072;4
00051;00083;1
00051;00084;4
00051;00085;4
00051;00102;2
00051;00107;3
00051;00108;1
00051;00112;4
00051;00114;4
00051;00122;4
00051;00124;1
00051;00135;1
00051;00137;4
00051;00141;4
00051;00142;4
00051;00177;1
00051;00190;1
00051;00191;4
00051;00196;2
00051;00200;1
00051;00201;4
00051;00214;4
00051;00216;1
00051;00217;1
00051;00218;1
00051;00219;1
00051;00221;1
00051;00222;1
00051;00225;4
00051;00230;1
00051;00235;4
00051;00236;4
00051;00245;1
00051;00249;4
00051;00252;1
00051;00254;4
00051;00263;1
00051;00264;2
00051;00270;4
00051;00276;1
00051;00277;3
00051;00279;2
00051;00281;2
00051;00289;1
00051;00297;2
00051;00302;4
00051;00303;4
00051;00304;4
00051;00305;4
00051;00306;4
00051;00307;2
00051;00308;4
00051;00311;1
00051;00322;1
00051;00325;4
00051;00333;3
00051;00337;2
00051;00343;1
00051;00345;1
00051;00355;1
00051;00360;2
00051;00365;4
00051;00366;4
00051;00370;4
00051;00382;1
00051;00383;3
00051;00386;4
00051;00391;2
00051;00392;4
00051;00400;4
00051;00402;1
00051;00407;4
00051;00415;3
00051;00417;1
00051;00418;4
00051;00419;4
00051;00430;3
00051;00435;1
00051;00437;1
00051;00440;1
00051;00442;4
00051;00444;4
00051;00445;4
00051;00465;4
00051;00481;4
00051;00484;4
00051;00488;1
00051;00490;4
00051;00493;2
00051;00494;4
00051;00495;1
00051;00498;4
00051;00501;4
00051;00502;1
00051;00503;2
00051;00504;4
00051;00505;1
00051;00510;1
00051;00511;3
00051;00517;2
00051;00521;3
00051;00526;1
00051;00528;4
00051;00529;4
00051;00530;4
00051;00531;4
00051;00532;4
00051;00534;4
00051;00535;4
00051;00548;1
00051;00553;4
00051;00560;4
00051;00562;2
00051;00563;4
00051;00564;4
00051;00565;4
00051;00566;4
00051;00568;4
00051;00569;4
00051;00570;4
00051;00571;1
00051;00572;4
00051;00573;4
00051;00574;4
00051;00575;4
00051;00576;1
00051;00589;1
00051;00590;2
00051;00605;4
00051;00608;4
00051;00625;1
00051;00627;1
00051;00636;2
00051;00639;2
00051;00643;1
00051;00646;4
00051;00675;2
00051;00681;4
00051;00685;4
00051;00707;1
00051;00726;4
00051;00733;1
00051;00737;1
00051;00738;4
00051;00739;4
00051;00740;4
00051;00741;4
00051;00744;4
00051;00745;1
00051;00746;4
00051;00747;1
00051;00748;4
00051;00749;4
00051;00779;2
00051;00789;3
00051;00790;1
00051;00793;1
00051;00827;4
00051;00828;1
00051;00829;4
00051;00847;1
00051;00852;1
00051;00856;2
00051;00857;1
00051;00858;1
00051;00861;1
00051;00864;4
00051;00865;1
00051;00866;1
00051;00868;1
00051;00869;4
00051;00875;1
00051;00881;1
00051;00889;1
00051;00891;2
00051;00892;4
00051;00905;1
00051;00918;4
00051;00921;4
00051;00925;2
00051;00926;1
00051;00933;1
00051;00936;1
00051;00949;4
00051;00950;4
00051;00954;3
00051;00956;2
00051;00957;4
00051;00958;4
00051;00966;4
00051;00990;1
00051;00991;1
00051;01001;1
00051;01024;3
00051;01026;4
00051;01027;1
00051;01044;4
00051;01057;1
00051;01065;1
00051;01070;2
00051;01074;2
00051;01076;4
00051;01079;1
00051;01091;1
00051;01120;4
00051;01127;1
00051;01135;1
00051;01137;1
00051;01139;1
00051;01141;1
00051;01156;4
00051;01167;4
00051;01196;4
00051;01198;1
00051;01199;1
00051;01200;4
00051;01202;1
00051;01203;4
00051;01204;4
00051;01207;4
00051;01208;4
00051;01209;4
00051;01210;4
00051;01211;4
00051;01212;4
00051;01234;1
00051;01236;4
00051;01238;3
00052;00406;4
00052;00505;1
00053;00001;1
00053;00011;1
00053;00055;1
00053;00081;1
00053;00160;1
00053;00188;1
00053;00223;1
00053;00228;1
00053;00347;2
00053;00370;1
00053;00401;3
00053;00432;4
00053;00447;3
00053;00505;1
00053;00509;1
00053;00577;3
00053;00590;2
00053;00767;2
00053;00917;1
00053;00987;4
00053;01170;3
00053;01228;3
00053;01229;3
00054;00011;4
00054;00023;1
00054;00055;2
00054;00187;3
00054;00206;1
00054;00211;4
00054;00223;4
00054;00228;4
00054;00229;4
00054;00333;2
00054;00341;2
00054;00347;2
00054;00358;4
00054;00369;4
00054;00382;4
00054;00394;3
00054;00401;4
00054;00402;4
00054;00432;4
00054;00485;4
00054;00488;3
00054;00505;2
00054;00513;2
00054;00547;1
00054;00550;1
00054;00552;2
00054;00577;3
00054;00590;2
00054;00607;1
00054;00613;1
00054;00626;2
00054;00631;4
00054;00632;4
00054;00716;3
00054;00767;2
00054;00771;1
00054;00790;1
00054;00793;1
00054;00806;1
00054;00812;4
00054;00819;4
00054;00860;1
00054;00904;4
00054;00905;1
00054;00917;3
00054;00941;2
00054;00964;4
00054;00990;2
00054;01003;1
00054;01005;4
00054;01007;4
00054;01013;2
00054;01048;4
00054;01060;4
00054;01099;1
00054;01134;4
00054;01163;4
00054;01164;3
00054;01169;4
00054;01171;1
00054;01192;1
00054;01237;1
00055;00070;1
00055;00232;2
00055;00305;1
00055;00347;1
00055;00358;1
00055;00391;3
00055;00430;1
00055;00432;4
00055;00463;2
00055;00505;2
00055;00521;4
00055;00530;4
00055;00640;2
00055;00675;1
00055;00749;1
00055;00779;2
00055;00820;4
00055;00828;3
00055;00847;1
00055;00890;2
00055;01056;1
00055;01070;2
00055;01156;1
00055;01205;3
00056;00055;1
00056;00089;2
00056;00123;1
00056;00135;1
00056;00181;3
00056;00185;2
00056;00212;3
00056;00288;2
00056;00290;2
00056;00292;2
00056;00414;1
00056;00424;1
00056;00432;1
00056;00443;1
00056;00450;1
00056;00758;1
00056;00767;4
00056;00783;1
00056;00794;1
00056;00919;1
00056;00924;1
00056;00925;1
00056;00928;1
00056;00970;1
00056;00972;1
00056;01066;1
00056;01091;2
00056;01093;1
00056;01102;1
00056;01115;1
00056;01234;1
00056;01239;1
00057;00001;4
00057;00006;1
00057;00008;1
00057;00011;1
00057;00062;1
00057;00079;1
00057;00080;1
00057;00081;1
00057;00160;2
00057;00177;1
00057;00178;3
00057;00188;2
00057;00200;1
00057;00223;4
00057;00228;1
00057;00282;2
00057;00346;3
00057;00369;1
00057;00370;3
00057;00394;3
00057;00397;1
00057;00415;1
00057;00432;3
00057;00447;1
00057;00513;1
00057;00577;1
00057;00588;3
00057;00590;4
00057;00668;1
00057;00778;3
00057;00784;1
00057;00790;3
00057;00812;2
00057;00833;1
00057;00860;3
00057;00865;3
00057;00890;2
00057;00905;3
00057;00983;3
00057;00986;3
00057;00987;4
00057;00988;3
00057;00989;2
00057;01086;1
00057;01090;1
00057;01091;2
00057;01095;3
00057;01170;1
00057;01171;1
00057;01173;3
00057;01203;2
00058;00001;4
00058;00006;4
00058;00007;4
00058;00043;1
00058;00048;2
00058;00055;3
00058;00060;1
00058;00062;4
00058;00063;3
00058;00080;4
00058;00081;1
00058;00082;3
00058;00102;1
00058;00111;1
00058;00160;4
00058;00164;1
00058;00178;4
00058;00179;3
00058;00187;3
00058;00188;4
00058;00200;2
00058;00223;4
00058;00228;3
00058;00229;3
00058;00271;3
00058;00282;2
00058;00335;2
00058;00346;4
00058;00347;4
00058;00366;1
00058;00369;3
00058;00370;2
00058;00384;1
00058;00392;1
00058;00394;4
00058;00397;1
00058;00402;1
00058;00415;2
00058;00427;1
00058;00429;1
00058;00432;4
00058;00447;4
00058;00457;1
00058;00463;1
00058;00485;1
00058;00505;3
00058;00511;1
00058;00513;3
00058;00517;1
00058;00550;1
00058;00577;4
00058;00588;4
00058;00589;3
00058;00590;4
00058;00591;4
00058;00609;1
00058;00614;4
00058;00631;3
00058;00668;3
00058;00748;1
00058;00749;1
00058;00769;4
00058;00778;4
00058;00784;2
00058;00790;4
00058;00805;1
00058;00812;4
00058;00820;1
00058;00860;4
00058;00865;4
00058;00874;4
00058;00890;4
00058;00903;2
00058;00905;3
00058;00912;1
00058;00917;4
00058;00964;1
00058;00983;4
00058;00986;4
00058;00987;4
00058;00988;4
00058;00989;4
00058;00990;1
00058;01005;1
00058;01025;2
00058;01077;3
00058;01086;1
00058;01090;1
00058;01091;2
00058;01134;1
00058;01170;4
00058;01171;4
00058;01173;4
00058;01228;1
00058;01234;1
00059;00001;1
00059;00006;1
00059;00011;1
00059;00018;2
00059;00045;1
00059;00048;3
00059;00055;4
00059;00062;1
00059;00063;1
00059;00067;1
00059;00079;1
00059;00080;1
00059;00081;2
00059;00084;3
00059;00102;4
00059;00107;3
00059;00110;1
00059;00111;1
00059;00122;2
00059;00160;2
00059;00164;1
00059;00166;2
00059;00177;1
00059;00179;1
00059;00187;1
00059;00188;1
00059;00191;3
00059;00200;1
00059;00214;4
00059;00223;4
00059;00228;4
00059;00229;4
00059;00245;1
00059;00275;3
00059;00279;4
00059;00281;1
00059;00284;4
00059;00306;1
00059;00333;1
00059;00335;3
00059;00346;2
00059;00347;2
00059;00365;4
00059;00366;4
00059;00369;1
00059;00370;3
00059;00382;1
00059;00386;2
00059;00392;2
00059;00394;4
00059;00397;4
00059;00401;4
00059;00402;4
00059;00415;1
00059;00425;1
00059;00427;1
00059;00430;1
00059;00432;4
00059;00442;1
00059;00444;1
00059;00447;1
00059;00452;1
00059;00465;1
00059;00485;2
00059;00504;1
00059;00505;4
00059;00509;4
00059;00513;4
00059;00521;1
00059;00524;1
00059;00530;1
00059;00565;4
00059;00572;3
00059;00574;3
00059;00577;4
00059;00588;3
00059;00590;3
00059;00591;1
00059;00607;1
00059;00608;3
00059;00609;1
00059;00614;1
00059;00631;2
00059;00668;4
00059;00670;4
00059;00678;1
00059;00679;1
00059;00685;1
00059;00689;4
00059;00738;1
00059;00748;1
00059;00767;4
00059;00769;1
00059;00778;2
00059;00784;4
00059;00790;3
00059;00812;4
00059;00820;1
00059;00827;2
00059;00828;1
00059;00833;4
00059;00860;2
00059;00865;4
00059;00869;1
00059;00874;2
00059;00882;1
00059;00903;4
00059;00905;4
00059;00912;1
00059;00917;2
00059;00936;4
00059;00937;1
00059;00964;1
00059;00977;1
00059;00983;2
00059;00986;2
00059;00987;1
00059;00988;2
00059;00989;4
00059;00990;1
00059;01005;1
00059;01007;1
00059;01025;4
00059;01044;2
00059;01056;1
00059;01060;2
00059;01071;1
00059;01074;4
00059;01075;1
00059;01077;4
00059;01091;2
00059;01095;4
00059;01097;1
00059;01102;4
00059;01134;1
00059;01143;1
00059;01163;4
00059;01170;1
00059;01171;4
00059;01172;2
00059;01173;3
00059;01203;1
00059;01205;4
00059;01228;1
00059;01232;1
00060;00017;2
00060;00087;1
00060;00100;4
00060;00155;3
00060;00241;4
00060;00267;3
00060;00322;3
00060;00340;1
00060;00348;4
00060;00354;1
00060;00370;1
00060;00446;3
00060;00519;2
00060;00550;1
00060;00587;3
00060;00597;3
00060;00653;2
00060;00698;4
00060;00722;1
00060;00724;1
00060;00751;1
00060;00764;1
00060;00990;2
00060;01000;1
00060;01004;4
00060;01040;1
00060;01041;3
00060;01043;3
00060;01046;1
00060;01047;3
00060;01104;1
00060;01110;2
00060;01192;2
00060;01194;1
00061;00010;2
00061;00056;1
00061;00062;1
00061;00063;1
00061;00114;1
00061;00132;1
00061;00187;1
00061;00195;4
00061;00196;4
00061;00197;1
00061;00200;1
00061;00226;1
00061;00298;1
00061;00347;1
00061;00358;1
00061;00370;3
00061;00383;4
00061;00427;1
00061;00432;2
00061;00434;1
00061;00437;4
00061;00439;1
00061;00465;3
00061;00481;3
00061;00490;3
00061;00498;2
00061;00500;1
00061;00501;4
00061;00502;4
00061;00505;4
00061;00511;2
00061;00517;1
00061;00531;4
00061;00532;1
00061;00535;1
00061;00565;1
00061;00570;2
00061;00590;2
00061;00605;4
00061;00668;1
00061;00685;4
00061;00726;1
00061;00735;1
00061;00738;1
00061;00739;1
00061;00741;1
00061;00754;4
00061;00763;1
00061;00767;1
00061;00827;1
00061;00847;1
00061;00864;1
00061;00865;1
00061;00875;1
00061;00882;1
00061;00912;1
00061;00944;1
00061;00969;4
00061;00980;1
00061;00990;1
00061;01040;1
00061;01079;4
00061;01092;1
00061;01093;1
00061;01098;1
00061;01188;1
00061;01207;1
00061;01208;1
00061;01234;1
00061;01236;1
00062;00010;1
00062;00017;4
00062;00024;1
00062;00043;1
00062;00056;2
00062;00060;1
00062;00062;1
00062;00063;3
00062;00064;3
00062;00069;1
00062;00072;1
00062;00088;1
00062;00094;1
00062;00110;1
00062;00144;2
00062;00148;4
00062;00155;4
00062;00160;1
00062;00182;1
00062;00192;3
00062;00193;4
00062;00194;3
00062;00197;3
00062;00200;2
00062;00211;1
00062;00224;1
00062;00226;4
00062;00237;1
00062;00238;2
00062;00244;1
00062;00267;1
00062;00297;2
00062;00321;1
00062;00322;1
00062;00330;1
00062;00331;3
00062;00333;2
00062;00340;1
00062;00348;2
00062;00349;1
00062;00354;2
00062;00358;1
00062;00359;2
00062;00370;4
00062;00372;1
00062;00382;2
00062;00383;1
00062;00427;1
00062;00429;1
00062;00434;1
00062;00437;3
00062;00438;4
00062;00446;1
00062;00458;1
00062;00459;1
00062;00460;1
00062;00465;1
00062;00472;1
00062;00473;3
00062;00479;1
00062;00486;1
00062;00505;1
00062;00537;1
00062;00539;1
00062;00550;4
00062;00551;1
00062;00558;2
00062;00559;1
00062;00580;1
00062;00586;1
00062;00590;1
00062;00607;3
00062;00643;1
00062;00663;2
00062;00677;1
00062;00698;3
00062;00703;2
00062;00704;1
00062;00722;4
00062;00724;2
00062;00729;1
00062;00731;1
00062;00734;1
00062;00735;1
00062;00736;3
00062;00761;2
00062;00763;3
00062;00764;2
00062;00767;1
00062;00768;3
00062;00783;1
00062;00787;1
00062;00803;3
00062;00804;1
00062;00806;4
00062;00819;1
00062;00821;1
00062;00822;1
00062;00837;3
00062;00842;4
00062;00843;1
00062;00844;1
00062;00845;1
00062;00870;1
00062;00879;1
00062;00880;1
00062;00882;2
00062;00885;1
00062;00886;1
00062;00888;2
00062;00889;1
00062;00904;3
00062;00907;3
00062;00912;1
00062;00913;1
00062;00914;1
00062;00920;1
00062;00937;1
00062;00941;3
00062;00944;1
00062;00945;1
00062;00964;1
00062;00969;1
00062;00990;2
00062;01000;2
00062;01022;1
00062;01023;2
00062;01032;1
00062;01033;1
00062;01038;1
00062;01039;1
00062;01040;1
00062;01042;1
00062;01071;1
00062;01073;4
00062;01080;1
00062;01093;1
00062;01104;1
00062;01151;4
00062;01192;1
00062;01195;1
00062;01214;3
00062;01232;1
00062;01234;2
00063;00001;1
00063;00023;1
00063;00062;1
00063;00063;1
00063;00166;1
00063;00322;2
00063;00347;3
00063;00370;1
00063;00374;1
00063;00429;4
00063;00434;3
00063;00437;1
00063;00438;1
00063;00463;4
00063;00490;1
00063;00499;3
00063;00500;1
00063;00501;1
00063;00502;1
00063;00505;1
00063;00592;2
00063;00669;1
00063;00698;1
00063;00704;1
00063;00724;1
00063;00763;1
00063;00803;1
00063;00805;2
00063;00821;1
00063;00922;1
00063;00976;3
00063;00980;1
00063;01040;1
00063;01091;1
00063;01155;4
00063;01171;3
00063;01192;3
00063;01228;3
00063;01229;3
00064;00017;2
00064;00020;1
00064;00022;4
00064;00024;1
00064;00064;4
00064;00144;2
00064;00148;2
00064;00155;1
00064;00160;1
00064;00197;2
00064;00227;1
00064;00267;1
00064;00322;1
00064;00331;1
00064;00349;1
00064;00358;1
00064;00370;3
00064;00372;4
00064;00382;1
00064;00434;1
00064;00437;4
00064;00472;1
00064;00550;1
00064;00590;1
00064;00605;1
00064;00606;1
00064;00674;1
00064;00698;1
00064;00703;1
00064;00722;1
00064;00724;1
00064;00768;1
00064;00814;4
00064;00842;4
00064;00844;1
00064;00882;1
00064;00889;1
00064;00907;1
00064;00944;1
00064;00963;2
00064;01000;1
00064;01033;1
00064;01038;4
00064;01067;1
00064;01071;1
00064;01076;1
00064;01091;1
00064;01093;1
00064;01188;1
00064;01195;4
00065;00017;2
00065;00020;4
00065;00022;3
00065;00024;4
00065;00064;4
00065;00087;2
00065;00093;1
00065;00132;1
00065;00135;1
00065;00144;4
00065;00148;2
00065;00155;4
00065;00192;3
00065;00194;4
00065;00197;2
00065;00206;4
00065;00211;4
00065;00224;1
00065;00227;1
00065;00238;1
00065;00267;1
00065;00297;1
00065;00322;1
00065;00323;1
00065;00331;2
00065;00341;2
00065;00349;4
00065;00358;1
00065;00368;4
00065;00370;4
00065;00372;4
00065;00383;1
00065;00386;1
00065;00387;4
00065;00388;4
00065;00437;4
00065;00519;1
00065;00539;1
00065;00543;1
00065;00546;1
00065;00550;1
00065;00578;4
00065;00587;1
00065;00597;1
00065;00599;1
00065;00606;4
00065;00611;1
00065;00629;1
00065;00653;2
00065;00674;4
00065;00699;4
00065;00722;3
00065;00736;4
00065;00763;1
00065;00788;1
00065;00803;1
00065;00814;2
00065;00819;1
00065;00821;2
00065;00833;1
00065;00842;4
00065;00882;1
00065;00885;4
00065;00886;4
00065;00889;1
00065;00904;3
00065;00913;1
00065;00963;1
00065;00964;3
00065;00990;1
00065;01000;1
00065;01006;1
00065;01007;3
00065;01038;4
00065;01042;1
00065;01045;3
00065;01046;4
00065;01048;2
00065;01067;3
00065;01073;4
00065;01092;1
00065;01093;1
00065;01099;4
00065;01149;1
00065;01150;1
00065;01151;4
00065;01153;1
00065;01164;1
00065;01188;1
00065;01195;4
00065;01214;1
00065;01232;1
00065;01234;1
00065;01237;4
00066;00001;1
00066;00010;1
00066;00011;1
00066;00013;1
00066;00017;2
00066;00022;1
00066;00063;1
00066;00100;3
00066;00148;2
00066;00155;1
00066;00160;1
00066;00166;1
00066;00187;1
00066;00200;3
00066;00267;1
00066;00322;4
00066;00340;3
00066;00348;4
00066;00350;3
00066;00370;4
00066;00385;1
00066;00427;1
00066;00429;4
00066;00434;4
00066;00446;1
00066;00463;3
00066;00498;1
00066;00558;2
00066;00590;1
00066;00605;1
00066;00607;1
00066;00630;1
00066;00698;3
00066;00722;1
00066;00724;1
00066;00731;1
00066;00736;1
00066;00763;2
00066;00767;1
00066;00771;1
00066;00788;1
00066;00821;3
00066;00837;1
00066;00882;1
00066;00907;1
00066;00912;1
00066;00913;1
00066;00944;2
00066;00969;1
00066;00976;1
00066;00980;1
00066;00990;1
00066;01004;1
00066;01098;1
00066;01104;1
00066;01109;1
00066;01134;1
00066;01155;3
00066;01192;4
00066;01194;2
00066;01195;1
00066;01214;1
00066;01226;1
00067;00043;1
00067;00061;1
00067;00148;4
00067;00354;1
00067;00370;3
00067;00472;3
00067;00473;1
00067;00519;1
00067;00724;2
00067;00764;1
00067;00842;2
00067;00910;3
00067;00914;3
00067;01234;1
00068;00011;1
00068;00064;1
00068;00090;4
00068;00135;1
00068;00195;3
00068;00206;4
00068;00297;1
00068;00327;1
00068;00331;1
00068;00341;2
00068;00349;4
00068;00358;1
00068;00359;1
00068;00370;1
00068;00437;1
00068;00438;3
00068;00543;4
00068;00546;2
00068;00550;1
00068;00607;1
00068;00632;1
00068;00734;2
00068;00819;1
00068;00826;1
00068;00838;1
00068;00882;1
00068;00889;1
00068;00904;4
00068;00913;1
00068;00944;1
00068;00964;3
00068;00969;1
00068;01000;1
00068;01003;4
00068;01040;1
00068;01046;1
00068;01048;2
00068;01093;1
00068;01099;3
00068;01134;1
00068;01149;1
00068;01150;1
00068;01164;3
00068;01172;1
00068;01234;1
00069;00193;4
00069;00326;1
00069;00327;2
00069;00359;4
00069;00363;4
00069;00370;4
00069;00438;4
00069;00550;1
00069;00703;4
00069;00724;1
00069;00837;1
00069;00907;4
00069;00944;3
00069;01000;3
00069;01234;3
00070;00017;1
00070;00327;2
00070;00340;4
00070;00370;4
00070;00438;4
00070;00698;4
00070;00722;1
00070;00804;4
00070;00837;1
00070;00944;3
00070;00952;1
00070;01000;3
00070;01009;4
00070;01032;4
00070;01104;4
00070;01232;1
00070;01234;3
00071;00011;1
00071;00056;1
00071;00148;4
00071;00327;1
00071;00370;1
00071;00547;1
00072;00058;3
00072;00250;1
00072;00323;3
00072;00333;1
00072;00682;4
00072;00683;3
00072;00732;4
00072;00733;1
00072;00837;1
00072;00941;1
00072;01000;1
00072;01019;1
00072;01125;1
00073;00050;4
00073;00224;4
00073;00227;4
00073;00359;4
00073;00370;4
00073;00438;4
00073;00629;3
00073;00630;4
00073;00724;1
00073;00806;3
00073;00843;4
00073;00844;4
00073;00990;1
00073;01000;1
00073;01093;1
00073;01228;1
00073;01229;1
00073;01234;1
00074;00148;3
00074;00370;1
00074;00724;2
00074;00910;4
00074;00914;4
00074;01000;1
00074;01093;1
00075;00100;1
00075;00241;2
00075;00273;2
00075;00316;4
00075;00348;2
00075;00354;2
00075;00359;3
00075;00370;4
00075;00446;4
00075;00519;2
00075;00587;2
00075;00597;1
00075;00751;2
00075;00757;1
00075;00837;1
00075;00944;3
00075;01043;1
00075;01047;1
00075;01110;3
00075;01234;1
00075;01235;1
00076;00329;1
00076;00330;1
00076;00359;2
00076;00370;2
00076;00437;4
00076;00438;3
00076;00606;4
00076;00731;1
00076;00882;1
00076;00889;1
00076;01007;3
00076;01023;1
00076;01039;1
00076;01048;2
00076;01080;1
00076;01134;1
00076;01188;4
00077;00025;2
00077;00027;4
00077;00031;1
00077;00050;1
00077;00090;4
00077;00128;2
00077;00135;2
00077;00148;1
00077;00168;1
00077;00195;4
00077;00197;1
00077;00224;4
00077;00226;1
00077;00227;3
00077;00267;1
00077;00297;1
00077;00298;1
00077;00321;1
00077;00323;4
00077;00326;1
00077;00327;4
00077;00329;3
00077;00330;2
00077;00333;1
00077;00359;4
00077;00370;4
00077;00428;1
00077;00437;4
00077;00438;4
00077;00542;2
00077;00546;4
00077;00550;1
00077;00551;1
00077;00558;1
00077;00586;1
00077;00592;2
00077;00629;4
00077;00630;4
00077;00663;1
00077;00722;1
00077;00724;1
00077;00729;1
00077;00731;1
00077;00734;4
00077;00735;1
00077;00754;4
00077;00806;1
00077;00826;1
00077;00837;1
00077;00839;1
00077;00843;4
00077;00844;4
00077;00845;1
00077;00879;1
00077;00882;1
00077;00889;1
00077;00912;1
00077;00937;1
00077;00939;4
00077;00941;1
00077;00944;1
00077;00963;4
00077;00990;1
00077;01006;4
00077;01012;4
00077;01023;1
00077;01034;4
00077;01035;4
00077;01040;1
00077;01080;1
00077;01092;1
00077;01093;1
00077;01134;1
00077;01138;4
00077;01149;4
00077;01150;3
00077;01152;4
00077;01153;4
00077;01188;1
00077;01220;4
00077;01232;1
00077;01234;3
00078;00061;3
00078;00065;1
00078;00082;1
00078;00090;1
00078;00093;1
00078;00135;1
00078;00146;2
00078;00152;2
00078;00159;4
00078;00161;1
00078;00179;2
00078;00184;1
00078;00188;1
00078;00238;1
00078;00253;4
00078;00255;4
00078;00265;1
00078;00282;1
00078;00315;1
00078;00320;4
00078;00321;1
00078;00326;1
00078;00330;1
00078;00333;1
00078;00359;1
00078;00370;3
00078;00373;4
00078;00427;2
00078;00438;2
00078;00451;1
00078;00452;4
00078;00459;3
00078;00460;1
00078;00479;1
00078;00556;2
00078;00648;1
00078;00663;1
00078;00680;4
00078;00686;4
00078;00696;1
00078;00718;1
00078;00722;1
00078;00724;1
00078;00731;1
00078;00734;1
00078;00753;1
00078;00800;1
00078;00802;4
00078;00838;1
00078;00884;1
00078;00889;1
00078;00912;1
00078;00944;1
00078;00945;1
00078;01010;2
00078;01015;1
00078;01019;1
00078;01021;4
00078;01042;1
00078;01065;1
00078;01069;1
00078;01071;2
00078;01078;1
00078;01081;2
00078;01086;1
00078;01089;1
00078;01090;1
00078;01091;3
00078;01093;1
00078;01111;4
00078;01112;1
00078;01118;1
00078;01179;3
00078;01180;3
00078;01181;4
00078;01227;2
00078;01234;2
00079;00065;1
00079;00075;1
00079;00123;4
00079;00132;1
00079;00135;2
00079;00146;1
00079;00148;1
00079;00179;1
00079;00184;1
00079;00255;1
00079;00315;1
00079;00320;3
00079;00330;2
00079;00333;1
00079;00359;3
00079;00370;1
00079;00373;3
00079;00384;3
00079;00427;1
00079;00438;4
00079;00452;1
00079;00648;4
00079;00650;4
00079;00663;1
00079;00826;2
00079;00829;1
00079;00838;1
00079;00882;1
00079;00912;1
00079;00923;3
00079;00944;2
00079;00945;3
00079;01000;1
00079;01010;1
00079;01023;1
00079;01065;1
00079;01082;3
00079;01089;1
00079;01091;2
00079;01112;4
00079;01179;2
00079;01181;4
00079;01234;2
00080;00061;1
00080;00135;1
00080;00152;1
00080;00159;2
00080;00238;2
00080;00330;1
00080;00333;2
00080;00427;1
00080;00438;1
00080;00451;1
00080;00452;1
00080;00453;1
00080;00458;4
00080;00459;1
00080;00460;4
00080;00612;1
00080;00663;1
00080;00696;3
00080;00722;1
00080;00753;4
00080;00800;4
00080;00884;1
00080;00912;1
00080;00945;3
00080;01010;1
00080;01042;3
00080;01065;1
00080;01071;2
00080;01078;4
00080;01091;1
00080;01179;1
00080;01180;1
00080;01227;4
00080;01234;3
00081;00031;1
00081;00090;3
00081;00093;1
00081;00132;1
00081;00135;1
00081;00195;1
00081;00253;1
00081;00321;4
00081;00326;3
00081;00359;1
00081;00370;4
00081;00438;4
00081;00542;3
00081;00546;4
00081;00550;1
00081;00551;1
00081;00586;1
00081;00592;1
00081;00729;1
00081;00731;1
00081;00734;4
00081;00941;2
00081;00944;1
00081;00990;1
00081;01092;3
00081;01134;1
00081;01232;1
00081;01234;1
00082;00025;4
00082;00031;1
00082;00090;4
00082;00093;4
00082;00132;1
00082;00135;4
00082;00148;1
00082;00152;1
00082;00159;2
00082;00189;1
00082;00195;1
00082;00197;1
00082;00238;1
00082;00253;4
00082;00297;1
00082;00321;4
00082;00326;4
00082;00327;3
00082;00330;1
00082;00331;1
00082;00333;1
00082;00359;4
00082;00370;4
00082;00427;1
00082;00438;4
00082;00458;2
00082;00542;3
00082;00543;2
00082;00546;4
00082;00550;1
00082;00551;1
00082;00586;1
00082;00592;1
00082;00722;1
00082;00724;1
00082;00729;1
00082;00731;1
00082;00734;4
00082;00826;1
00082;00837;1
00082;00845;1
00082;00879;1
00082;00882;1
00082;00889;1
00082;00904;1
00082;00912;1
00082;00937;1
00082;00941;2
00082;00944;2
00082;00952;1
00082;00963;4
00082;00990;1
00082;01000;1
00082;01003;3
00082;01040;1
00082;01078;1
00082;01092;1
00082;01150;1
00082;01188;1
00082;01227;1
00082;01232;1
00082;01234;3
00083;00018;4
00083;00166;4
00083;00187;1
00083;00238;1
00083;00366;1
00083;00370;3
00083;00394;1
00083;00427;1
00083;00430;1
00083;00432;4
00083;00447;2
00083;00463;1
00083;00501;1
00083;00505;2
00083;00517;1
00083;00550;1
00083;00590;2
00083;00609;1
00083;00668;1
00083;00767;1
00083;00905;1
00083;00912;1
00083;00988;1
00083;00989;1
00083;01074;1
00083;01077;2
00083;01091;1
00083;01102;3
00083;01143;3
00083;01170;1
00083;01171;1
00083;01203;4
00084;00008;2
00084;00160;4
00084;00333;1
00084;00346;1
00084;00384;1
00084;00555;1
00084;00590;1
00084;00778;1
00084;00837;1
00084;00912;1
00084;00922;2
00084;00952;1
00084;00986;2
00084;01086;1
00084;01112;2
00084;01179;1
00085;00029;4
00085;00058;3
00085;00088;1
00085;00098;1
00085;00179;1
00085;00200;2
00085;00202;4
00085;00250;1
00085;00370;2
00085;00427;1
00085;00432;1
00085;00438;1
00085;00469;1
00085;00475;3
00085;00589;1
00085;00590;1
00085;00724;1
00085;00732;1
00085;00733;1
00085;00888;1
00085;00912;1
00085;00941;1
00085;00969;1
00085;00982;3
00085;00983;1
00085;01018;4
00085;01019;1
00085;01022;1
00085;01036;1
00085;01065;1
00085;01118;4
00086;00008;4
00086;00061;1
00086;00085;1
00086;00110;4
00086;00135;2
00086;00148;4
00086;00152;2
00086;00160;3
00086;00200;1
00086;00238;2
00086;00271;4
00086;00330;2
00086;00346;4
00086;00370;3
00086;00384;1
00086;00427;1
00086;00505;2
00086;00554;4
00086;00555;1
00086;00577;1
00086;00586;1
00086;00590;4
00086;00722;3
00086;00731;1
00086;00763;2
00086;00769;3
00086;00922;1
00086;00944;2
00086;00945;2
00086;00952;1
00086;00983;3
00086;00990;1
00086;01000;2
00086;01015;1
00086;01033;1
00086;01071;1
00086;01077;1
00086;01086;1
00086;01090;1
00086;01091;2
00086;01112;1
00086;01118;1
00086;01173;2
00086;01181;1
00086;01227;1
00086;01232;1
00086;01234;1
00087;00187;4
00087;00223;2
00087;00228;4
00087;00229;4
00087;00333;2
00087;00369;4
00087;00370;4
00087;00382;1
00087;00394;1
00087;00401;2
00087;00432;4
00087;00438;3
00087;00485;1
00087;00513;2
00087;00550;2
00087;00590;3
00087;00631;2
00087;00632;1
00087;00668;1
00087;00722;1
00087;00812;2
00087;00819;2
00087;00833;1
00087;00860;3
00087;00945;1
00087;00990;1
00087;01005;4
00087;01007;1
00087;01015;4
00087;01025;1
00087;01032;1
00087;01060;3
00087;01071;2
00087;01134;2
00087;01163;1
00087;01169;1
00087;01180;1
00087;01234;1
00088;00370;3
00088;00443;1
00088;00457;4
00088;00590;3
00088;00614;3
00088;00668;1
00088;00678;2
00088;00679;2
00088;00702;1
00088;00945;1
00088;00990;1
00088;01091;4
00088;01134;1
00088;01144;1
00089;00079;3
00089;00152;1
00089;00176;4
00089;00177;2
00089;00179;1
00089;00260;4
00089;00265;1
00089;00370;1
00089;00469;4
00089;00479;1
00089;00590;1
00089;00706;2
00089;00778;1
00089;00905;3
00089;00912;3
00089;01065;1
00089;01086;1
00090;00007;4
00090;00160;1
00090;00161;1
00090;00176;4
00090;00177;4
00090;00200;4
00090;00260;3
00090;00265;4
00090;00370;1
00090;00451;4
00090;00479;3
00090;00505;1
00090;00589;1
00090;00590;4
00090;00763;1
00090;00778;2
00090;00874;1
00090;00884;4
00090;00912;4
00090;00987;1
00090;01065;1
00090;01071;1
00090;01086;4
00090;01089;1
00090;01090;3
00090;01091;3
00090;01234;1
00090;01238;1
00091;00001;1
00091;00003;1
00091;00004;1
00091;00008;1
00091;00009;1
00091;00011;2
00091;00013;1
00091;00015;2
00091;00017;2
00091;00021;1
00091;00029;4
00091;00030;1
00091;00032;1
00091;00033;1
00091;00040;1
00091;00041;1
00091;00045;1
00091;00046;2
00091;00050;1
00091;00056;1
00091;00057;4
00091;00058;4
00091;00059;4
00091;00060;1
00091;00069;4
00091;00078;1
00091;00088;4
00091;00092;1
00091;00094;1
00091;00095;4
00091;00097;4
00091;00098;4
00091;00100;1
00091;00103;3
00091;00105;3
00091;00109;3
00091;00115;2
00091;00116;3
00091;00118;1
00091;00119;3
00091;00121;1
00091;00122;1
00091;00124;1
00091;00128;1
00091;00134;1
00091;00135;1
00091;00139;4
00091;00147;1
00091;00163;1
00091;00166;1
00091;00170;1
00091;00173;1
00091;00174;4
00091;00181;1
00091;00182;4
00091;00183;3
00091;00186;3
00091;00189;1
00091;00199;2
00091;00202;3
00091;00204;3
00091;00211;1
00091;00226;1
00091;00237;1
00091;00240;3
00091;00241;2
00091;00242;1
00091;00243;1
00091;00244;1
00091;00248;1
00091;00250;4
00091;00256;1
00091;00259;1
00091;00261;1
00091;00263;1
00091;00264;1
00091;00265;1
00091;00266;4
00091;00267;4
00091;00268;1
00091;00272;1
00091;00274;1
00091;00275;1
00091;00276;1
00091;00278;1
00091;00279;1
00091;00281;1
00091;00283;1
00091;00286;1
00091;00287;1
00091;00294;4
00091;00297;2
00091;00300;1
00091;00301;1
00091;00314;3
00091;00317;3
00091;00322;4
00091;00331;1
00091;00333;1
00091;00339;4
00091;00348;1
00091;00351;2
00091;00352;2
00091;00353;4
00091;00354;2
00091;00355;1
00091;00359;3
00091;00361;2
00091;00362;4
00091;00364;3
00091;00370;4
00091;00376;4
00091;00381;4
00091;00385;4
00091;00392;1
00091;00395;4
00091;00396;4
00091;00398;2
00091;00405;1
00091;00412;1
00091;00413;4
00091;00416;1
00091;00422;4
00091;00423;2
00091;00426;1
00091;00428;1
00091;00431;1
00091;00434;2
00091;00443;2
00091;00454;1
00091;00455;1
00091;00466;3
00091;00468;4
00091;00473;1
00091;00474;3
00091;00475;4
00091;00478;3
00091;00485;1
00091;00486;2
00091;00489;1
00091;00508;2
00091;00512;2
00091;00538;1
00091;00545;2
00091;00549;1
00091;00550;4
00091;00551;1
00091;00552;4
00091;00553;1
00091;00559;2
00091;00562;1
00091;00579;3
00091;00582;1
00091;00586;1
00091;00594;4
00091;00598;4
00091;00601;2
00091;00603;3
00091;00611;3
00091;00615;4
00091;00626;1
00091;00641;4
00091;00642;1
00091;00643;1
00091;00648;1
00091;00659;1
00091;00667;1
00091;00673;1
00091;00682;3
00091;00683;3
00091;00684;3
00091;00688;1
00091;00690;2
00091;00694;1
00091;00695;3
00091;00700;4
00091;00704;1
00091;00714;2
00091;00719;1
00091;00720;2
00091;00722;4
00091;00724;2
00091;00725;1
00091;00727;1
00091;00728;4
00091;00729;1
00091;00731;1
00091;00732;4
00091;00733;4
00091;00735;1
00091;00751;1
00091;00752;4
00091;00756;4
00091;00759;4
00091;00762;1
00091;00763;4
00091;00764;3
00091;00767;1
00091;00768;1
00091;00770;4
00091;00771;1
00091;00772;2
00091;00773;1
00091;00779;1
00091;00781;4
00091;00782;1
00091;00784;3
00091;00787;4
00091;00788;1
00091;00791;2
00091;00794;1
00091;00796;3
00091;00797;4
00091;00798;2
00091;00799;3
00091;00801;4
00091;00803;3
00091;00808;4
00091;00809;1
00091;00822;4
00091;00833;4
00091;00834;1
00091;00835;1
00091;00836;2
00091;00838;1
00091;00844;1
00091;00854;1
00091;00859;4
00091;00866;1
00091;00867;1
00091;00868;1
00091;00870;4
00091;00872;2
00091;00875;1
00091;00880;1
00091;00882;1
00091;00883;1
00091;00888;2
00091;00893;4
00091;00894;1
00091;00896;1
00091;00897;1
00091;00900;3
00091;00906;1
00091;00913;1
00091;00914;1
00091;00935;2
00091;00941;2
00091;00944;1
00091;00947;1
00091;00965;4
00091;00974;4
00091;00982;2
00091;00985;4
00091;00990;2
00091;00992;1
00091;00993;1
00091;00997;4
00091;00998;4
00091;01000;4
00091;01018;4
00091;01019;1
00091;01023;1
00091;01033;1
00091;01040;1
00091;01041;1
00091;01043;1
00091;01047;1
00091;01051;1
00091;01054;1
00091;01056;1
00091;01057;1
00091;01058;1
00091;01063;1
00091;01080;1
00091;01085;1
00091;01091;1
00091;01093;1
00091;01095;4
00091;01097;3
00091;01098;4
00091;01103;1
00091;01106;1
00091;01107;1
00091;01108;1
00091;01115;1
00091;01116;1
00091;01118;4
00091;01119;1
00091;01125;3
00091;01134;1
00091;01177;4
00091;01184;4
00091;01186;1
00091;01189;4
00091;01191;2
00091;01192;1
00091;01216;4
00091;01217;4
00091;01219;4
00091;01226;4
00091;01232;1
00091;01234;2
00091;01235;2
00092;00017;1
00092;00043;1
00092;00111;1
00092;00130;1
00092;00135;3
00092;00136;1
00092;00148;1
00092;00181;1
00092;00185;1
00092;00189;1
00092;00193;1
00092;00200;1
00092;00213;4
00092;00226;2
00092;00238;3
00092;00258;4
00092;00333;2
00092;00342;1
00092;00354;3
00092;00370;3
00092;00377;2
00092;00392;1
00092;00429;1
00092;00434;1
00092;00446;1
00092;00465;2
00092;00472;4
00092;00473;4
00092;00479;1
00092;00489;4
00092;00492;1
00092;00503;1
00092;00510;1
00092;00514;2
00092;00550;2
00092;00559;2
00092;00586;1
00092;00596;1
00092;00599;4
00092;00607;1
00092;00611;3
00092;00643;1
00092;00653;1
00092;00661;4
00092;00671;1
00092;00687;1
00092;00692;1
00092;00705;3
00092;00722;4
00092;00724;4
00092;00729;1
00092;00731;1
00092;00735;1
00092;00763;2
00092;00764;2
00092;00767;1
00092;00778;3
00092;00783;4
00092;00788;1
00092;00804;1
00092;00806;1
00092;00822;1
00092;00824;1
00092;00826;1
00092;00837;1
00092;00838;1
00092;00839;1
00092;00842;4
00092;00845;1
00092;00856;1
00092;00858;2
00092;00859;1
00092;00879;4
00092;00883;1
00092;00888;1
00092;00889;1
00092;00908;1
00092;00910;2
00092;00914;3
00092;00915;1
00092;00926;1
00092;00930;2
00092;00934;3
00092;00940;1
00092;00941;2
00092;00944;1
00092;00946;1
00092;00952;4
00092;00990;2
00092;01000;4
00092;01014;1
00092;01023;1
00092;01031;1
00092;01033;4
00092;01040;1
00092;01066;1
00092;01071;1
00092;01093;1
00092;01147;4
00092;01151;1
00092;01186;1
00092;01188;1
00092;01192;2
00092;01195;4
00092;01226;1
00092;01227;1
00092;01232;4
00092;01234;4
00094;00093;2
00094;00113;4
00094;00145;4
00094;00180;4
00094;00272;4
00094;00422;1
00094;00467;2
00094;00489;2
00094;00550;1
00094;00586;2
00094;00722;1
00094;00724;1
00094;00873;1
00094;00999;1
00094;01000;1
00094;01020;1
00094;01023;1
00094;01033;1
00094;01233;1
00094;00078;2
00094;00114;1
00094;00122;1
00094;00123;1
00094;00137;1
00094;00192;1
00094;00209;2
00094;00270;1
00094;00277;1
00094;00282;1
00094;00309;4
00094;00311;4
00094;00322;1
00094;00359;1
00094;00370;2
00094;00400;1
00094;00435;1
00094;00436;1
00094;00440;4
00094;00442;1
00094;00494;4
00094;00498;4
00094;00504;1
00094;00505;1
00095;00533;1
00095;00536;4
00095;00571;1
00095;00742;4
00095;00745;4
00095;00789;2
00095;00955;4
00095;01016;1
00095;01091;1
00096;01092;1
00096;01121;4
00096;01143;4
00096;01156;4
00096;01158;1
00096;01197;4
00096;01199;4
00096;01200;1
00096;01204;4
00096;01223;4
00096;00012;1
00096;00030;4
00097;00043;1
00097;00192;1
00097;00257;1
00097;00322;1
00097;00603;3
00097;00606;3
00097;01097;1
00097;00009;1
00097;00040;2
00097;00043;1
00097;00075;4
00098;00454;4
00098;00455;4
00098;00520;2
00098;00526;2
00098;00527;1
00098;00673;4
00098;00883;1
00098;01087;1
00098;00052;1
00098;00068;1
00098;00135;1
00098;00140;2
00098;00190;1
00098;00392;1
00098;00416;2
00099;00538;1
00099;00539;4
00099;00751;3
00099;00757;4
00099;00145;4
00100;00180;3
00100;00270;1
00100;00272;3
00100;00362;1
00100;00467;1
00100;00595;1
00100;00667;1
00100;00728;4
00100;00782;4
00100;00787;3
00100;00985;3
